{
    "uvs":[[0.876706,2.2581e-08,1,0,1,0.0323078,0.876706,0.0323079,1,0.0323079,1,0.0646157,0.876706,0.0646157,0.876706,0.0323079,0.315057,0.750588,2.86262e-06,0.750588,0,0,0.315055,0,0.75341,1.43183e-09,0.876705,0,0.876706,0.750588,0.753412,0.750588,0.630114,0.750588,0.315059,0.750588,0.315057,0,0.630112,0,0.75341,0.750588,0.630117,0.750588,0.630114,0,0.753407,0]],
    "metadata":{
        "type":"Geometry",
        "normals":8,
        "version":3,
        "generator":"io_three",
        "vertices":24,
        "uvs":1,
        "faces":6
    },
    "vertices":[56.3668,72.3368,8.62322e-06,56.3668,74.4727,8.87784e-06,61.8247,74.4727,8.87784e-06,61.8247,72.3368,8.62322e-06,56.3668,72.3368,126.8,61.8247,72.3368,126.8,61.8247,74.4727,126.8,56.3668,74.4727,126.8,56.3668,72.3368,126.8,56.3668,72.3368,126.8,61.8247,72.3368,126.8,61.8247,72.3368,126.8,61.8247,74.4727,8.87784e-06,61.8247,74.4727,8.87784e-06,61.8247,74.4727,126.8,61.8247,74.4727,126.8,56.3668,74.4727,126.8,56.3668,74.4727,126.8,56.3668,72.3368,8.62322e-06,56.3668,72.3368,8.62322e-06,56.3668,74.4727,8.87784e-06,56.3668,74.4727,8.87784e-06,61.8247,72.3368,8.62322e-06,61.8247,72.3368,8.62322e-06],
    "normals":[0,0,-1,0,0,1,0,-1,0,1,0,0,0.999969,0,0,0,1,0,-1,0,0,-0.999969,0,0],
    "faces":[41,18,20,13,23,0,1,2,3,0,0,0,0,41,8,10,15,16,4,5,6,7,1,1,1,1,41,19,22,11,9,8,9,10,11,2,2,2,2,41,3,12,14,5,12,13,14,15,3,3,4,3,41,2,21,17,6,16,17,18,19,5,5,5,5,41,1,0,4,7,20,21,22,23,6,6,6,7]
}