{
    "vertices":[62.0234,72.3903,0.508809,62.6593,74.4293,0.508809,119.669,56.649,0.508807,119.033,54.61,0.508807,62.0234,72.3903,121.509,119.033,54.61,121.509,119.669,56.649,121.509,62.6593,74.4293,121.509,62.0234,72.3903,121.509,62.0234,72.3903,121.509,119.033,54.61,121.509,119.033,54.61,121.509,119.669,56.649,0.508807,119.669,56.649,0.508807,119.669,56.649,121.509,119.669,56.649,121.509,62.6593,74.4293,121.509,62.6593,74.4293,121.509,62.0234,72.3903,0.508809,62.0234,72.3903,0.508809,62.6593,74.4293,0.508809,62.6593,74.4293,0.508809,119.033,54.61,0.508807,119.033,54.61,0.508807],
    "uvs":[[1,0.493541,0.983028,0.493541,0.983028,0,1,6.93581e-07,0.983028,0.987081,0.983028,0.493541,1,0.493541,1,0.987081,0.474542,0,0.949083,3.9408e-08,0.949083,1,0.474542,1,0.966055,1,0.949083,1,0.949083,0,0.966055,0,0,3.15264e-08,0.474542,0,0.474542,1,1.21251e-07,1,0.966055,1.4778e-09,0.983028,0,0.983028,1,0.966055,1]],
    "faces":[41,18,20,13,23,0,1,2,3,0,0,0,0,41,8,10,15,16,4,5,6,7,1,1,1,1,41,19,22,11,9,8,9,10,11,2,2,2,2,41,3,12,14,5,12,13,14,15,3,3,3,3,41,2,21,17,6,16,17,18,19,4,4,4,4,41,1,0,4,7,20,21,22,23,5,5,5,5],
    "metadata":{
        "version":3,
        "generator":"io_three",
        "uvs":1,
        "vertices":24,
        "type":"Geometry",
        "normals":6,
        "faces":6
    },
    "normals":[0,0,-1,0,0,1,-0.297708,-0.954619,0,0.954619,-0.297739,0,0.297708,0.954619,0,-0.95465,0.297708,0]
}