{
    "uvs":[[1,0.0588649,0.876707,0.0588649,0.876707,0,1,0,0.876707,0.11773,1,0.0588649,1,0.11773,0.315059,0,0.630117,0,0.630118,0.750588,0.315061,0.750588,0.876707,0.750588,0.753414,0.750588,0.753412,4.11419e-08,0.876705,0,1.3212e-06,0,0.315058,0.750588,0,0.750588,0.753412,0.750588,0.630119,0.750588,0.630118,4.11419e-08,0.753411,0]],
    "metadata":{
        "type":"Geometry",
        "normals":6,
        "version":3,
        "generator":"io_three",
        "vertices":24,
        "uvs":1,
        "faces":6
    },
    "vertices":[126.431,72.3368,121.41,126.431,74.4727,121.41,126.431,74.4727,126.868,126.431,72.3368,126.868,56.8361,72.3368,121.41,56.8361,72.3368,126.868,56.8361,74.4727,126.868,56.8361,74.4727,121.41,56.8361,72.3368,121.41,56.8361,72.3368,121.41,56.8361,72.3368,126.868,56.8361,72.3368,126.868,126.431,74.4727,126.868,126.431,74.4727,126.868,56.8361,74.4727,126.868,56.8361,74.4727,126.868,56.8361,74.4727,121.41,56.8361,74.4727,121.41,126.431,72.3368,121.41,126.431,72.3368,121.41,126.431,74.4727,121.41,126.431,74.4727,121.41,126.431,72.3368,126.868,126.431,72.3368,126.868],
    "normals":[1,0,0,-1,0,0,0,-1,0,0,0,1,0,1,0,0,0,-1],
    "faces":[41,18,20,13,23,0,1,2,3,0,0,0,0,41,8,10,15,16,4,1,5,6,1,1,1,1,41,19,22,11,9,7,8,9,10,2,2,2,2,41,3,12,14,5,11,12,13,14,3,3,3,3,41,2,21,17,6,15,7,16,17,4,4,4,4,41,1,0,4,7,18,19,20,21,5,5,5,5]
}