{
    "vertices":[-203.511,396.321,4.72452e-05,-203.511,81.5513,9.72167e-06,179.726,81.5513,9.72167e-06,179.726,396.321,4.72452e-05],
    "metadata":{
        "vertices":4,
        "generator":"io_three",
        "normals":1,
        "uvs":1,
        "type":"Geometry",
        "faces":1,
        "version":3
    },
    "normals":[0,0,1],
    "faces":[41,0,1,2,3,0,1,2,3,0,0,0,0],
    "uvs":[[-7.0017,5.4495,-7.0017,-6.051,7.0004,-6.051,7.0004,5.4495]]
}