{
    "uvs":[[-7.0017,5.4495,-7.0017,-6.051,7.0004,-6.051,7.0004,5.4495]],
    "normals":[0.00827052,-0.00259407,0.999939],
    "faces":[41,0,1,2,3,0,1,2,3,0,0,0,0],
    "vertices":[-206.138,82.4745,1.93575,-208.013,-232.289,1.1286,175.205,-234.563,-2.05531,177.08,80.2002,-1.24816],
    "metadata":{
        "type":"Geometry",
        "faces":1,
        "vertices":4,
        "version":3,
        "uvs":1,
        "normals":1,
        "generator":"io_three"
    }
}