{
    "vertices":[-62.4992,71.0858,78.8767,-62.4992,74.268,78.8767,5.961,74.268,78.8767,5.961,71.0858,78.8767,-62.4992,71.0858,111.339,5.961,71.0858,111.339,5.961,74.268,111.339,-62.4992,74.268,111.339,-62.4992,71.0858,111.339,-62.4992,71.0858,111.339,5.961,71.0858,111.339,5.961,71.0858,111.339,5.961,74.268,78.8767,5.961,74.268,78.8767,5.961,74.268,111.339,5.961,74.268,111.339,-62.4992,74.268,111.339,-62.4992,74.268,111.339,-62.4992,71.0858,78.8767,-62.4992,71.0858,78.8767,-62.4992,74.268,78.8767,-62.4992,74.268,78.8767,5.961,71.0858,78.8767,5.961,71.0858,78.8767],
    "normals":[0,0,-1,0,0,1,0,-1,0,0.999969,0,0,1,0,0,0,1,0,-1,0,0,-0.999969,0,0],
    "uvs":[[0.871809,4.18238e-08,0.914539,0,0.914539,0.750588,0.871809,0.750588,0.95727,0,0.95727,0.750588,0.91454,0.750588,0.914539,4.18238e-08,4.09785e-07,0.750588,0,1.72523e-07,0.435904,0,0.435905,0.750588,1,0.355917,0.95727,0.355917,0.95727,0,1,0,0.435905,0.750588,0.435905,4.18238e-08,0.871809,0,0.871809,0.750588,1,0.711833,0.95727,0.711833,0.95727,0.355917,1,0.355917]],
    "faces":[41,18,20,13,23,0,1,2,3,0,0,0,0,41,8,10,15,16,4,5,6,7,1,1,1,1,41,19,22,11,9,8,9,10,11,2,2,2,2,41,3,12,14,5,12,13,14,15,3,4,3,4,41,2,21,17,6,16,17,18,19,5,5,5,5,41,1,0,4,7,20,21,22,23,6,7,6,7],
    "metadata":{
        "vertices":24,
        "generator":"io_three",
        "version":3,
        "normals":8,
        "uvs":1,
        "type":"Geometry",
        "faces":6
    }
}