{
    "metadata":{
        "vertices":4,
        "uvs":1,
        "normals":1,
        "type":"Geometry",
        "version":3,
        "faces":1,
        "generator":"io_three"
    },
    "faces":[41,1,0,3,2,2,3,0,1,0,0,0,0],
    "uvs":[[0.710932,0.00725548,0.714812,0.947228,0.309233,0.947663,0.305387,0.0160904]],
    "normals":[0,-1,0],
    "vertices":[3.4675,70.7702,108.805,3.4675,70.7702,81.2053,-59.906,70.7702,81.2053,-59.906,70.7702,108.805]
}