{
    "normals":[0,0,-1,0,0,1,0,-1,0,1,0,0,0.999969,0,0,0,1,0,-0.999969,0,0,-1,0,0],
    "metadata":{
        "normals":8,
        "faces":12,
        "generator":"io_three",
        "type":"Geometry",
        "vertices":48,
        "uvs":1,
        "version":3
    },
    "vertices":[-111.206,-6.1335,25.0123,-111.206,61.2263,25.0123,53.9337,61.2263,25.0123,53.9337,-6.1335,25.0123,-111.206,-6.1335,27.4229,53.9337,-6.1335,27.4229,53.9337,61.2263,27.4229,-111.206,61.2263,27.4229,-109.083,-5.26749,25.0433,-109.083,60.3603,25.0433,51.8106,60.3603,25.0433,51.8106,-5.26749,25.0433,-109.083,-5.26749,27.3919,51.8106,-5.26749,27.3919,51.8106,60.3603,27.3919,-109.083,60.3603,27.3919,-111.206,-6.1335,27.4229,-111.206,-6.1335,27.4229,53.9337,-6.1335,27.4229,53.9337,-6.1335,27.4229,53.9337,61.2263,25.0123,53.9337,61.2263,25.0123,53.9337,61.2263,27.4229,53.9337,61.2263,27.4229,-111.206,61.2263,27.4229,-111.206,61.2263,27.4229,-111.206,-6.1335,25.0123,-111.206,-6.1335,25.0123,-111.206,61.2263,25.0123,-111.206,61.2263,25.0123,53.9337,-6.1335,25.0123,53.9337,-6.1335,25.0123,-109.083,-5.26749,27.3919,-109.083,-5.26749,27.3919,51.8106,-5.26749,27.3919,51.8106,-5.26749,27.3919,51.8106,60.3603,25.0433,51.8106,60.3603,25.0433,51.8106,60.3603,27.3919,51.8106,60.3603,27.3919,-109.083,60.3603,27.3919,-109.083,60.3603,27.3919,-109.083,-5.26749,25.0433,-109.083,-5.26749,25.0433,-109.083,60.3603,25.0433,-109.083,60.3603,25.0433,51.8106,-5.26749,25.0433,51.8106,-5.26749,25.0433],
    "uvs":[[0.489011,0.543046,0.244506,0.543046,0.244506,0,0.489011,1.25442e-08,0.244506,0,0.244506,0.543046,1.93855e-07,0.543046,0,5.0177e-08,0.965449,0.543046,0.965449,1.25442e-08,0.974199,0,0.974199,0.543046,0.506512,0.529082,0.506512,0.750588,0.497762,0.750588,0.497762,0.529082,0.982949,0,0.982949,0.543046,0.974199,1.25442e-08,0.497762,0.529082,0.497762,0.750588,0.489012,0.750588,0.489011,0.529082,0.72723,0,0.72723,0.529082,0.489012,0.529082,0.489011,5.0177e-08,0.965449,0.529082,0.72723,0.529082,0.72723,0,1,0.529082,0.991475,0.529082,0.991475,1.25442e-08,1,0,0.515037,0.744893,0.506512,0.744893,0.515037,0.529082,0.982949,1.25442e-08,0.991475,0,0.98295,0.529082,0.523562,0.744893,0.515037,0.529082,0.523562,0.529082]],
    "faces":[41,26,28,21,31,0,1,2,3,0,0,0,0,41,16,18,23,24,4,5,6,7,1,1,1,1,41,27,30,19,17,8,9,10,11,2,2,2,2,41,3,20,22,5,12,13,14,15,3,4,3,3,41,2,29,25,6,16,17,11,18,5,5,5,5,41,1,0,4,7,19,20,21,22,6,7,7,7,41,42,47,37,44,23,24,25,26,1,1,1,1,41,32,40,39,34,27,28,29,9,0,0,0,0,41,43,33,35,46,30,31,32,33,5,5,5,5,41,11,13,38,36,34,35,12,36,7,7,7,6,41,10,14,41,45,37,38,31,39,2,2,2,2,41,9,15,12,8,40,34,41,42,4,3,3,3]
}