{
    "uvs":[[1,0.146154,1,0.292308,0.8,0.292308,0.8,0.146154,0.8,3.66798e-08,1,0,1,0.146154,0.2,1,4.01546e-07,1,0,7.33595e-08,0.2,0,0.600001,1.65515e-08,0.8,0,0.8,1,0.600001,1,0.600001,1,0.400001,1,0.400001,7.33595e-08,0.6,0,0.400001,1,0.200001,1,0.2,7.33595e-08,0.4,0]],
    "metadata":{
        "type":"Geometry",
        "normals":8,
        "version":3,
        "generator":"io_three",
        "vertices":24,
        "uvs":1,
        "faces":6
    },
    "vertices":[-103.228,1.6467,1.96302e-07,-103.228,5.4467,6.49297e-07,-99.4284,5.4467,6.49297e-07,-99.4284,1.6467,1.96302e-07,-103.228,1.6467,26,-99.4284,1.6467,26,-99.4284,5.4467,26,-103.228,5.4467,26,-103.228,1.6467,26,-103.228,1.6467,26,-99.4284,1.6467,26,-99.4284,1.6467,26,-99.4284,5.4467,6.49297e-07,-99.4284,5.4467,6.49297e-07,-99.4284,5.4467,26,-99.4284,5.4467,26,-103.228,5.4467,26,-103.228,5.4467,26,-103.228,1.6467,1.96302e-07,-103.228,1.6467,1.96302e-07,-103.228,5.4467,6.49297e-07,-103.228,5.4467,6.49297e-07,-99.4284,1.6467,1.96302e-07,-99.4284,1.6467,1.96302e-07],
    "normals":[0,0,-1,0,0,1,0,-1,0,1,0,0,0.999969,0,0,0,1,0,-1,0,0,-0.999969,0,0],
    "faces":[41,18,20,13,23,0,1,2,3,0,0,0,0,41,8,10,15,16,4,5,6,3,1,1,1,1,41,19,22,11,9,7,8,9,10,2,2,2,2,41,3,12,14,5,11,12,13,14,3,3,4,3,41,2,21,17,6,15,16,17,18,5,5,5,5,41,1,0,4,7,19,20,21,22,6,6,6,7]
}