{
    "uvs":[[1,0.292308,0.8,0.292308,0.8,0.146154,1,0.146154,0.8,2.75098e-08,1,0,1,0.146154,0.8,0.146154,0.4,1,0.200001,1,0.2,0,0.4,0,0.4,1.65515e-08,0.6,0,0.6,1,0.400001,1,0.8,1,0.600001,1,0.6,0,0.8,0,0.2,1,6.3369e-07,1,0,7.33596e-08,0.2,0]],
    "metadata":{
        "type":"Geometry",
        "normals":8,
        "version":3,
        "generator":"io_three",
        "vertices":24,
        "uvs":1,
        "faces":6
    },
    "vertices":[42.8604,1.6467,1.96302e-07,42.8604,5.4467,6.49297e-07,46.6604,5.4467,6.49297e-07,46.6604,1.6467,1.96302e-07,42.8604,1.6467,26,46.6604,1.6467,26,46.6604,5.4467,26,42.8604,5.4467,26,42.8604,1.6467,26,42.8604,1.6467,26,46.6604,1.6467,26,46.6604,1.6467,26,46.6604,5.4467,6.49297e-07,46.6604,5.4467,6.49297e-07,46.6604,5.4467,26,46.6604,5.4467,26,42.8604,5.4467,26,42.8604,5.4467,26,42.8604,1.6467,1.96302e-07,42.8604,1.6467,1.96302e-07,42.8604,5.4467,6.49297e-07,42.8604,5.4467,6.49297e-07,46.6604,1.6467,1.96302e-07,46.6604,1.6467,1.96302e-07],
    "normals":[0,0,-1,0,0,1,0,-1,0,1,0,0,0.999969,0,0,0,1,0,-1,0,0,-0.999969,0,0],
    "faces":[41,18,20,13,23,0,1,2,3,0,0,0,0,41,8,10,15,16,4,5,6,7,1,1,1,1,41,19,22,11,9,8,9,10,11,2,2,2,2,41,3,12,14,5,12,13,14,15,3,3,4,3,41,2,21,17,6,16,17,18,19,5,5,5,5,41,1,0,4,7,20,21,22,23,6,6,6,7]
}