{
    "uvs":[[0.8,0.146154,0.8,1.46719e-07,1,0,1,0.146154,0.8,0.146154,1,0.146154,1,0.292308,0.8,0.292308,0.2,1,4.01546e-07,1,0,7.33595e-08,0.2,0,0.8,1,0.600001,1,0.600001,0,0.8,0,0.600001,1,0.400001,1,0.400001,7.33595e-08,0.400001,1,0.200001,1,0.2,7.33595e-08,0.4,0]],
    "metadata":{
        "type":"Geometry",
        "normals":6,
        "version":3,
        "generator":"io_three",
        "vertices":24,
        "uvs":1,
        "faces":6
    },
    "vertices":[-103.228,51.1011,6.09173e-06,-103.228,54.9011,6.54472e-06,-99.4284,54.9011,6.54472e-06,-99.4284,51.1011,6.09173e-06,-103.228,51.1011,26,-99.4284,51.1011,26,-99.4284,54.9011,26,-103.228,54.9011,26,-103.228,51.1011,26,-103.228,51.1011,26,-99.4284,51.1011,26,-99.4284,51.1011,26,-99.4284,54.9011,6.54472e-06,-99.4284,54.9011,6.54472e-06,-99.4284,54.9011,26,-99.4284,54.9011,26,-103.228,54.9011,26,-103.228,54.9011,26,-103.228,51.1011,6.09173e-06,-103.228,51.1011,6.09173e-06,-103.228,54.9011,6.54472e-06,-103.228,54.9011,6.54472e-06,-99.4284,51.1011,6.09173e-06,-99.4284,51.1011,6.09173e-06],
    "normals":[0,0,-1,0,0,1,0,-1,0,1,0,0,0,1,0,-1,0,0],
    "faces":[41,18,20,13,23,0,1,2,3,0,0,0,0,41,8,10,15,16,4,5,6,7,1,1,1,1,41,19,22,11,9,8,9,10,11,2,2,2,2,41,3,12,14,5,12,13,14,15,3,3,3,3,41,2,21,17,6,16,17,18,14,4,4,4,4,41,1,0,4,7,19,20,21,22,5,5,5,5]
}