{
    "normals":[0,0,-1,0,0,1,0,-1,0,1,0,0,0.999969,0,0,0,1,0,-0.999969,0,0,-1,0,0],
    "metadata":{
        "vertices":48,
        "version":3,
        "type":"Geometry",
        "normals":8,
        "generator":"io_three",
        "faces":12,
        "uvs":1
    },
    "vertices":[-111.206,-6.1335,25.0123,-111.206,61.2263,25.0123,53.9337,61.2263,25.0123,53.9337,-6.1335,25.0123,-111.206,-6.1335,27.4229,53.9337,-6.1335,27.4229,53.9337,61.2263,27.4229,-111.206,61.2263,27.4229,-109.083,-5.26749,25.0433,-109.083,60.3603,25.0433,51.8106,60.3603,25.0433,51.8106,-5.26749,25.0433,-109.083,-5.26749,27.3919,51.8106,-5.26749,27.3919,51.8106,60.3603,27.3919,-109.083,60.3603,27.3919,-111.206,-6.1335,27.4229,-111.206,-6.1335,27.4229,53.9337,-6.1335,27.4229,53.9337,-6.1335,27.4229,53.9337,61.2263,25.0123,53.9337,61.2263,25.0123,53.9337,61.2263,27.4229,53.9337,61.2263,27.4229,-111.206,61.2263,27.4229,-111.206,61.2263,27.4229,-111.206,-6.1335,25.0123,-111.206,-6.1335,25.0123,-111.206,61.2263,25.0123,-111.206,61.2263,25.0123,53.9337,-6.1335,25.0123,53.9337,-6.1335,25.0123,-109.083,-5.26749,27.3919,-109.083,-5.26749,27.3919,51.8106,-5.26749,27.3919,51.8106,-5.26749,27.3919,51.8106,60.3603,25.0433,51.8106,60.3603,25.0433,51.8106,60.3603,27.3919,51.8106,60.3603,27.3919,-109.083,60.3603,27.3919,-109.083,60.3603,27.3919,-109.083,-5.26749,25.0433,-109.083,-5.26749,25.0433,-109.083,60.3603,25.0433,-109.083,60.3603,25.0433,51.8106,-5.26749,25.0433,51.8106,-5.26749,25.0433],
    "faces":[41,26,28,21,31,0,1,2,3,0,0,0,0,41,16,18,23,24,4,5,6,7,1,1,1,1,41,27,30,19,17,8,9,10,11,2,2,2,2,41,3,20,22,5,12,13,14,15,3,4,3,3,41,2,29,25,6,16,17,18,19,5,5,5,5,41,1,0,4,7,20,21,22,23,6,7,7,7,41,42,47,37,44,24,25,26,27,1,1,1,1,41,32,40,39,34,28,29,30,9,0,0,0,0,41,43,33,35,46,31,32,33,34,5,5,5,5,41,11,13,38,36,35,36,12,37,7,7,7,6,41,10,14,41,45,38,39,40,41,2,2,2,2,41,9,15,12,8,42,35,43,44,4,3,3,3],
    "uvs":[[0.489011,0.723493,0.244506,0.723493,0.244506,0,0.489011,1.67126e-08,0.244506,0,0.244506,0.723493,1.93855e-07,0.723494,0,6.68502e-08,0.965449,0.723494,0.965449,1.67126e-08,0.974199,0,0.974199,0.723494,0.506512,0.70489,0.506512,1,0.497762,1,0.497762,0.70489,0.982949,0,0.982949,0.723493,0.974199,0.723493,0.974199,1.67126e-08,0.497762,0.70489,0.497762,1,0.489012,1,0.489011,0.70489,0.72723,0,0.72723,0.70489,0.489012,0.70489,0.489011,6.68502e-08,0.965449,0.70489,0.72723,0.70489,0.72723,0,1,0.70489,0.991475,0.70489,0.991475,1.67126e-08,1,0,0.515037,0.992412,0.506512,0.992412,0.515037,0.70489,0.982949,1.67126e-08,0.991475,0,0.991475,0.70489,0.98295,0.70489,0.523562,0.992412,0.515037,0.70489,0.523562,0.70489]]
}