{
    "normals":[0,0,-1,1,0,-0,-1.20764e-07,1,4.94862e-07,-1,0,0,-0,-1,0,0,-1,-1.23715e-07,-1.20764e-07,1,-2.11319e-06,0,-1,-1.23715e-07,0,-1,0,0,-1.19209e-07,1,-1,-0,0,0,-0,-1,1,0,0,0,0,-0.999969,-1,-3.35815e-07,-4.74806e-14,1,2.87841e-07,2.37403e-14,-0,1,0,-1.81209e-06,1,0,0,1,1.23715e-07,-1,-3.35815e-07,-2.70339e-13,0,-1,-1.40879e-06,1,2.87841e-07,1.3517e-13,-1.81209e-06,1,1.23715e-07,0,1,-0,1,-0,0],
    "vertices":[176.196,73.0101,145,176.196,-230.278,145,-202.86,-230.278,145,121.945,73.0101,145,58.7111,73.0101,145,-202.86,73.0101,145,-202.86,73.0101,123.338,-202.86,-230.278,123.338,-202.86,-230.278,-2.74513e-05,-202.86,73.0101,8.70348e-06,176.196,-230.278,123.338,176.196,-230.278,-2.74513e-05,176.196,73.0101,123.338,176.196,73.0101,8.70348e-06,58.7111,73.0101,123.338,121.945,73.0101,123.338,121.945,73.0101,8.70348e-06,58.7111,73.0101,8.70348e-06,121.945,74.6629,8.90051e-06,58.7111,74.6629,8.90051e-06,121.945,74.6629,123.338,58.7111,74.6629,123.338,-202.378,77.0547,145,-202.378,395.121,145,176.678,395.121,145,58.7111,77.0547,145,121.945,77.0547,145,176.678,77.0548,145,176.678,77.0548,123.338,176.678,395.121,123.338,176.678,395.121,4.71021e-05,176.678,77.0548,9.18565e-06,-202.378,395.121,123.338,-202.378,395.121,4.71021e-05,-202.378,77.0547,123.338,-202.378,77.0547,9.18564e-06,121.945,77.0547,123.338,58.7111,77.0547,123.338,58.7111,77.0547,9.18564e-06,121.945,77.0547,9.18564e-06,-202.378,77.0547,145,-202.378,395.121,145,58.7111,77.0547,145,121.945,77.0547,145,176.678,395.121,145,176.678,77.0548,145,121.945,73.0101,145,58.7111,73.0101,145,-202.86,73.0101,145,176.196,-230.278,145,-202.86,-230.278,145,176.196,73.0101,145],
    "uvs":[[0.349004,0,0.681792,1.8939e-08,0.681792,0.470478,0.349004,0.0673363,0.349004,0.145821,0.349004,0.470478,0.819288,0.846915,0.819288,0.470478,0.954623,0.470478,0.954623,0.846915,0.341977,0.940956,0.341977,0.470478,0.477312,0.470478,0.477312,0.940956,0.864665,0.376437,0.864665,9.46948e-09,1,0,1,0.376437,0.318208,0.616299,0.294439,0.616299,0.294438,0.537815,0.318208,0.537815,0.318208,0.940956,0.294439,0.940956,0.159104,0.470478,0.294438,0.470478,0.159104,0.537815,0.795519,0.846915,0.795519,0.470478,0.318208,0.940956,0.318208,0.470478,0.840896,0.376437,0.840896,9.46948e-09,0.159104,0.940956,0.159104,0.616299,0.318208,0.470478,0.808833,0.925399,0.808833,0.846915,0.810647,0.846915,0.810647,0.925399,0.799957,0.846915,0.799957,1,0.798144,1,0.798144,0.846915,0.80702,0.925399,0.80702,0.846915,0.804395,0.846915,0.804395,1,0.802582,1,0.802582,0.846915,0,0.470478,3.34859e-08,9.46948e-08,0.349004,0.146419,0.349004,0.0679343,0.349004,0,0.817127,0,0.817127,0.394779,0.681792,0.394779,0.681792,9.46948e-09,0.135335,0.470478,0.135335,0.940956,1.93369e-07,0.940956,0,0.470478,0.77175,0.470478,0.77175,0.865257,0.636415,0.865257,0.636415,0.470478,0.477312,0.538413,0.501081,0.538413,0.501081,0.616897,0.477312,0.616897,0.477312,0.470478,0.501081,0.470478,0.636415,0.940956,0.501081,0.940956,0.636415,0.616897,0.840896,0,0.840896,0.394779,0.159104,0.470478,0.159104,0.940956,0.795519,0.470478,0.795519,0.865257,0.636415,0.470478,0.636415,0.538413,0.477312,0.940956,0.813271,0.846915,0.813271,0.925399,0.804395,0.925399,0.795519,1,0.795519,0.846915]],
    "metadata":{
        "generator":"io_three",
        "uvs":1,
        "type":"Geometry",
        "normals":25,
        "faces":34,
        "version":3,
        "vertices":52
    },
    "faces":[41,0,1,50,46,0,1,2,3,0,0,0,0,41,47,46,50,48,4,3,2,5,0,0,0,0,41,6,7,8,9,6,7,8,9,1,1,1,1,41,7,10,11,8,10,11,12,13,2,2,2,2,41,10,12,13,11,14,15,16,17,3,3,3,3,41,4,14,15,3,18,19,20,21,4,4,4,4,41,5,6,14,4,22,23,19,18,4,4,4,4,41,13,12,15,16,24,25,20,26,5,5,5,5,41,5,2,7,6,27,28,7,6,1,1,1,1,41,2,49,10,7,29,30,11,10,6,6,6,6,41,49,51,12,10,31,32,15,14,3,3,3,3,41,9,17,14,6,33,34,19,23,7,7,7,7,41,51,3,15,12,35,21,20,25,8,8,8,8,41,17,16,18,19,36,37,38,39,9,9,9,9,41,16,15,20,18,40,41,42,43,10,10,10,10,41,15,14,21,20,37,36,44,45,11,11,11,11,41,14,17,19,21,46,47,48,49,12,12,12,12,41,40,23,44,42,5,50,51,52,0,0,0,0,41,43,42,44,45,53,52,51,54,0,0,0,13,41,28,29,30,31,55,56,57,58,14,14,14,14,41,29,32,33,30,59,60,61,62,8,8,8,8,41,32,34,35,33,63,64,65,66,15,15,15,15,41,26,36,37,25,67,68,69,70,16,16,16,16,41,27,28,36,26,71,72,68,67,17,17,17,17,41,35,34,37,38,73,74,69,75,18,18,18,18,41,27,24,29,28,76,77,56,55,19,19,19,19,41,24,41,32,29,78,79,60,59,20,20,20,20,41,41,22,34,32,80,81,64,63,21,21,21,21,41,31,39,36,28,82,83,68,72,22,22,22,22,41,22,25,37,34,84,70,69,74,23,23,23,23,41,39,38,19,18,85,86,39,38,9,9,9,9,41,38,37,21,19,41,40,49,48,24,24,24,24,41,37,36,20,21,87,46,45,44,0,0,0,0,41,36,39,18,20,88,89,43,42,3,3,3,3]
}